ano,estado,projecao de populacao
2011,Rondônia,1618210
2011,Acre,778499
2011,Amazonas,3618040
2011,Roraima,469543
2011,Pará,7862943
2011,Amapá,711453
2011,Tocantins,1431478
2011,Maranhão,6757213
2011,Piauí,3202880
2011,Ceará,8681591
2011,Rio Grande do Norte,3271415
2011,Paraíba,3859813
2011,Pernambuco,9062229
2011,Alagoas,3213606
2011,Sergipe,2130440
2011,Bahia,14372994
2011,Minas Gerais,20096163
2011,Espírito Santo,3642595
2011,Rio de Janeiro,16405508
2011,São Paulo,42707383
2011,Paraná,10738066
2011,Santa Catarina,6441468
2011,Rio Grande do Sul,10963317
2011,Mato Grosso do Sul,2525762
2011,Mato Grosso,3145830
2011,Goiás,6214241
2011,Distrito Federal,2681052
2012,Rondônia,1637884
2012,Acre,792045
2012,Amazonas,3684326
2012,Roraima,480290
2012,Pará,7960134
2012,Amapá,728015
2012,Tocantins,1449779
2012,Maranhão,6798830
2012,Piauí,3212635
2012,Ceará,8738045
2012,Rio Grande do Norte,3302720
2012,Paraíba,3875373
2012,Pernambuco,9126434
2012,Alagoas,3230877
2012,Sergipe,2152329
2012,Bahia,14441531
2012,Minas Gerais,20235204
2012,Espírito Santo,3689347
2012,Rio de Janeiro,16510627
2012,São Paulo,43119841
2012,Paraná,10822187
2012,Santa Catarina,6530943
2012,Rio Grande do Sul,11014448
2012,Mato Grosso do Sul,2557442
2012,Mato Grosso,3185148
2012,Goiás,6316302
2012,Distrito Federal,2722198
2013,Rondônia,1657620
2013,Acre,805014
2013,Amazonas,3751293
2013,Roraima,491066
2013,Pará,8054419
2013,Amapá,744809
2013,Tocantins,1467474
2013,Maranhão,6836179
2013,Piauí,3220646
2013,Ceará,8792607
2013,Rio Grande do Norte,3332952
2013,Paraíba,3890494
2013,Pernambuco,9189504
2013,Alagoas,3247527
2013,Sergipe,2173632
2013,Bahia,14505033
2013,Minas Gerais,20371328
2013,Espírito Santo,3736386
2013,Rio de Janeiro,16616344
2013,São Paulo,43528708
2013,Paraná,10908262
2013,Santa Catarina,6620186
2013,Rio Grande do Sul,11066527
2013,Mato Grosso do Sul,2589069
2013,Mato Grosso,3226030
2013,Goiás,6417591
2013,Distrito Federal,2763488
2014,Rondônia,1677766
2014,Acre,818273
2014,Amazonas,3819636
2014,Roraima,501970
2014,Pará,8149418
2014,Amapá,762156
2014,Tocantins,1485318
2014,Maranhão,6875302
2014,Piauí,3228556
2014,Ceará,8847031
2014,Rio Grande do Norte,3363084
2014,Paraíba,3910059
2014,Pernambuco,9252442
2014,Alagoas,3263524
2014,Sergipe,2195015
2014,Bahia,14565807
2014,Minas Gerais,20508631
2014,Espírito Santo,3784361
2014,Rio de Janeiro,16726184
2014,São Paulo,43937755
2014,Paraná,10997989
2014,Santa Catarina,6710154
2014,Rio Grande do Sul,11119817
2014,Mato Grosso do Sul,2621214
2014,Mato Grosso,3269448
2014,Goiás,6520857
2014,Distrito Federal,2805774
2015,Rondônia,1698263
2015,Acre,831665
2015,Amazonas,3887740
2015,Roraima,513328
2015,Pará,8244575
2015,Amapá,779416
2015,Tocantins,1503482
2015,Maranhão,6916244
2015,Piauí,3237691
2015,Ceará,8905267
2015,Rio Grande do Norte,3393814
2015,Paraíba,3932537
2015,Pernambuco,9317744
2015,Alagoas,3279222
2015,Sergipe,2216657
2015,Bahia,14629018
2015,Minas Gerais,20648978
2015,Espírito Santo,3832826
2015,Rio de Janeiro,16841138
2015,São Paulo,44356304
2015,Paraná,11089062
2015,Santa Catarina,6802306
2015,Rio Grande do Sul,11175777
2015,Mato Grosso do Sul,2653928
2015,Mato Grosso,3314540
2015,Goiás,6625528
2015,Distrito Federal,2848633
2016,Rondônia,1717911
2016,Acre,844137
2016,Amazonas,3952171
2016,Roraima,525967
2016,Pará,8334346
2016,Amapá,796419
2016,Tocantins,1520448
2016,Maranhão,6955099
2016,Piauí,3246228
2016,Ceará,8962834
2016,Rio Grande do Norte,3422843
2016,Paraíba,3953693
2016,Pernambuco,9377368
2016,Alagoas,3293629
2016,Sergipe,2237132
2016,Bahia,14689684
2016,Minas Gerais,20780264
2016,Espírito Santo,3879376
2016,Rio de Janeiro,16947738
2016,São Paulo,44760305
2016,Paraná,11176203
2016,Santa Catarina,6894058
2016,Rio Grande do Sul,11229947
2016,Mato Grosso do Sul,2685454
2016,Mato Grosso,3356979
2016,Goiás,6726130
2016,Distrito Federal,2890224
2017,Rondônia,1737578
2017,Acre,856457
2017,Amazonas,4015812
2017,Roraima,546885
2017,Pará,8422634
2017,Amapá,813084
2017,Tocantins,1537350
2017,Maranhão,6994148
2017,Piauí,3254626
2017,Ceará,9018764
2017,Rio Grande do Norte,3450669
2017,Paraíba,3974437
2017,Pernambuco,9434839
2017,Alagoas,3307532
2017,Sergipe,2257266
2017,Bahia,14749868
2017,Minas Gerais,20908628
2017,Espírito Santo,3925341
2017,Rio de Janeiro,17051465
2017,São Paulo,45149603
2017,Paraná,11261927
2017,Santa Catarina,6984749
2017,Rio Grande do Sul,11280193
2017,Mato Grosso do Sul,2716534
2017,Mato Grosso,3398791
2017,Goiás,6824504
2017,Distrito Federal,2931057
2018,Rondônia,1757589
2018,Acre,869265
2018,Amazonas,4080611
2018,Roraima,576568
2018,Pará,8513497
2018,Amapá,829494
2018,Tocantins,1555229
2018,Maranhão,7035055
2018,Piauí,3263754
2018,Ceará,9076426
2018,Rio Grande do Norte,3479010
2018,Paraíba,3996496
2018,Pernambuco,9496735
2018,Alagoas,3322379
2018,Sergipe,2278308
2018,Bahia,14812617
2018,Minas Gerais,21040662
2018,Espírito Santo,3972388
2018,Rio de Janeiro,17159960
2018,São Paulo,45538936
2018,Paraná,11348937
2018,Santa Catarina,7075494
2018,Rio Grande do Sul,11329605
2018,Mato Grosso do Sul,2748023
2018,Mato Grosso,3441998
2018,Goiás,6923655
2018,Distrito Federal,2972209
2019,Rondônia,1777225
2019,Acre,881935
2019,Amazonas,4144597
2019,Roraima,605761
2019,Pará,8602865
2019,Amapá,845731
2019,Tocantins,1572866
2019,Maranhão,7075181
2019,Piauí,3272447
2019,Ceará,9132858
2019,Rio Grande do Norte,3506853
2019,Paraíba,4018127
2019,Pernambuco,9557517
2019,Alagoas,3336911
2019,Sergipe,2298902
2019,Bahia,14872858
2019,Minas Gerais,21168791
2019,Espírito Santo,4018650
2019,Rio de Janeiro,17264943
2019,São Paulo,45919049
2019,Paraná,11433957
2019,Santa Catarina,7164788
2019,Rio Grande do Sul,11377239
2019,Mato Grosso do Sul,2778986
2019,Mato Grosso,3484466
2019,Goiás,7020904
2019,Distrito Federal,3012718
2020,Rondônia,1796460
2020,Acre,894470
2020,Amazonas,4207714
2020,Roraima,631181
2020,Pará,8690745
2020,Amapá,861773
2020,Tocantins,1590248
2020,Maranhão,7114598
2020,Piauí,3280697
2020,Ceará,9187886
2020,Rio Grande do Norte,3534165
2020,Paraíba,4039277
2020,Pernambuco,9617072
2020,Alagoas,3351092
2020,Sergipe,2319032
2020,Bahia,14930424
2020,Minas Gerais,21292666
2020,Espírito Santo,4064052
2020,Rio de Janeiro,17366189
2020,São Paulo,46289333
2020,Paraná,11516840
2020,Santa Catarina,7252502
2020,Rio Grande do Sul,11422973
2020,Mato Grosso do Sul,2809394
2020,Mato Grosso,3526220
2020,Goiás,7116143
2020,Distrito Federal,3052546
2021,Rondônia,1815278
2021,Acre,906876
2021,Amazonas,4269995
2021,Roraima,652713
2021,Pará,8777124
2021,Amapá,877613
2021,Tocantins,1607363
2021,Maranhão,7153262
2021,Piauí,3288504
2021,Ceará,9241366
2021,Rio Grande do Norte,3560903
2021,Paraíba,4059905
2021,Pernambuco,9675249
2021,Alagoas,3364895
2021,Sergipe,2338688
2021,Bahia,14985070
2021,Minas Gerais,21411923
2021,Espírito Santo,4108508
2021,Rio de Janeiro,17463349
2021,São Paulo,46649132
2021,Paraná,11597484
2021,Santa Catarina,7338473
2021,Rio Grande do Sul,11466630
2021,Mato Grosso do Sul,2839188
2021,Mato Grosso,3567234
2021,Goiás,7209247
2021,Distrito Federal,3091667
2022,Rondônia,1833642
2022,Acre,919145
2022,Amazonas,4331430
2022,Roraima,670267
2022,Pará,8861974
2022,Amapá,893253
2022,Tocantins,1624183
2022,Maranhão,7191041
2022,Piauí,3295812
2022,Ceará,9293112
2022,Rio Grande do Norte,3586972
2022,Paraíba,4079917
2022,Pernambuco,9731843
2022,Alagoas,3378277
2022,Sergipe,2357840
2022,Bahia,15036517
2022,Minas Gerais,21526076
2022,Espírito Santo,4151923
2022,Rio de Janeiro,17556065
2022,São Paulo,46997428
2022,Paraná,11675661
2022,Santa Catarina,7422480
2022,Rio Grande do Sul,11507906
2022,Mato Grosso do Sul,2868279
2022,Mato Grosso,3607400
2022,Goiás,7300083
2022,Distrito Federal,3130014
2023,Rondônia,1851491
2023,Acre,931268
2023,Amazonas,4391960
2023,Roraima,683769
2023,Pará,8945219
2023,Amapá,908689
2023,Tocantins,1640666
2023,Maranhão,7227850
2023,Piauí,3302519
2023,Ceará,9342908
2023,Rio Grande do Norte,3612280
2023,Paraíba,4099203
2023,Pernambuco,9786666
2023,Alagoas,3391204
2023,Sergipe,2376447
2023,Bahia,15084600
2023,Minas Gerais,21634690
2023,Espírito Santo,4194227
2023,Rio de Janeiro,17644073
2023,São Paulo,47333288
2023,Paraná,11751111
2023,Santa Catarina,7504322
2023,Rio Grande do Sul,11546505
2023,Mato Grosso do Sul,2896624
2023,Mato Grosso,3646630
2023,Goiás,7388558
2023,Distrito Federal,3167502
2024,Rondônia,1868787
2024,Acre,943235
2024,Amazonas,4451551
2024,Roraima,695116
2024,Pará,9026771
2024,Amapá,923930
2024,Tocantins,1656791
2024,Maranhão,7263617
2024,Piauí,3308547
2024,Ceará,9390560
2024,Rio Grande do Norte,3636783
2024,Paraíba,4117682
2024,Pernambuco,9839619
2024,Alagoas,3403637
2024,Sergipe,2394484
2024,Bahia,15129225
2024,Minas Gerais,21737475
2024,Espírito Santo,4235381
2024,Rio de Janeiro,17727277
2024,São Paulo,47656295
2024,Paraná,11823677
2024,Santa Catarina,7583889
2024,Rio Grande do Sul,11582285
2024,Mato Grosso do Sul,2924238
2024,Mato Grosso,3684919
2024,Goiás,7474621
2024,Distrito Federal,3204070
2025,Rondônia,1885507
2025,Acre,955012
2025,Amazonas,4510151
2025,Roraima,706235
2025,Pará,9106465
2025,Amapá,938973
2025,Tocantins,1672538
2025,Maranhão,7298196
2025,Piauí,3313867
2025,Ceará,9435907
2025,Rio Grande do Norte,3660428
2025,Paraíba,4135286
2025,Pernambuco,9890556
2025,Alagoas,3415514
2025,Sergipe,2411922
2025,Bahia,15170253
2025,Minas Gerais,21834171
2025,Espírito Santo,4275342
2025,Rio de Janeiro,17805632
2025,São Paulo,47966292
2025,Paraná,11893264
2025,Santa Catarina,7661113
2025,Rio Grande do Sul,11615181
2025,Mato Grosso do Sul,2951121
2025,Mato Grosso,3722274
2025,Goiás,7558218
2025,Distrito Federal,3239675
2026,Rondônia,1901627
2026,Acre,966579
2026,Amazonas,4567703
2026,Roraima,717117
2026,Pará,9184171
2026,Amapá,953802
2026,Tocantins,1687892
2026,Maranhão,7331577
2026,Piauí,3318480
2026,Ceará,9478838
2026,Rio Grande do Norte,3683162
2026,Paraíba,4151945
2026,Pernambuco,9939342
2026,Alagoas,3426799
2026,Sergipe,2428742
2026,Bahia,15207525
2026,Minas Gerais,21924590
2026,Espírito Santo,4314082
2026,Rio de Janeiro,17879062
2026,São Paulo,48263115
2026,Paraná,11959803
2026,Santa Catarina,7735919
2026,Rio Grande do Sul,11645142
2026,Mato Grosso do Sul,2977257
2026,Mato Grosso,3758643
2026,Goiás,7639325
2026,Distrito Federal,3274291
2027,Rondônia,1917130
2027,Acre,977945
2027,Amazonas,4624211
2027,Roraima,727762
2027,Pará,9259811
2027,Amapá,968401
2027,Tocantins,1702843
2027,Maranhão,7363722
2027,Piauí,3322378
2027,Ceará,9519244
2027,Rio Grande do Norte,3704935
2027,Paraíba,4167546
2027,Pernambuco,9985921
2027,Alagoas,3437464
2027,Sergipe,2444933
2027,Bahia,15240909
2027,Minas Gerais,22008542
2027,Espírito Santo,4351575
2027,Rio de Janeiro,17947533
2027,São Paulo,48546516
2027,Paraná,12023185
2027,Santa Catarina,7808220
2027,Rio Grande do Sul,11672095
2027,Mato Grosso do Sul,3002639
2027,Mato Grosso,3793963
2027,Goiás,7717928
2027,Distrito Federal,3307883
2028,Rondônia,1932010
2028,Acre,989104
2028,Amazonas,4679714
2028,Roraima,738175
2028,Pará,9333294
2028,Amapá,982762
2028,Tocantins,1717358
2028,Maranhão,7394457
2028,Piauí,3325518
2028,Ceará,9557007
2028,Rio Grande do Norte,3725694
2028,Paraíba,4181999
2028,Pernambuco,10030223
2028,Alagoas,3447480
2028,Sergipe,2460470
2028,Bahia,15270303
2028,Minas Gerais,22085843
2028,Espírito Santo,4387799
2028,Rio de Janeiro,18011046
2028,São Paulo,48816331
2028,Paraná,12083297
2028,Santa Catarina,7877936
2028,Rio Grande do Sul,11695959
2028,Mato Grosso do Sul,3027261
2028,Mato Grosso,3828225
2028,Goiás,7793996
2028,Distrito Federal,3340408
2029,Rondônia,1946272
2029,Acre,1000048
2029,Amazonas,4734251
2029,Roraima,748361
2029,Pará,9404564
2029,Amapá,996900
2029,Tocantins,1731421
2029,Maranhão,7423684
2029,Piauí,3327868
2029,Ceará,9592073
2029,Rio Grande do Norte,3745416
2029,Paraíba,4195340
2029,Pernambuco,10072190
2029,Alagoas,3456820
2029,Sergipe,2475341
2029,Bahia,15295642
2029,Minas Gerais,22156380
2029,Espírito Santo,4422761
2029,Rio de Janeiro,18069615
2029,São Paulo,49072504
2029,Paraná,12140129
2029,Santa Catarina,7945021
2029,Rio Grande do Sul,11716702
2029,Mato Grosso do Sul,3051133
2029,Mato Grosso,3861489
2029,Goiás,7867535
2029,Distrito Federal,3371845
2030,Rondônia,1959925
2030,Acre,1010772
2030,Amazonas,4787816
2030,Roraima,758323
2030,Pará,9473593
2030,Amapá,1010824
2030,Tocantins,1745035
2030,Maranhão,7451435
2030,Piauí,3329443
2030,Ceará,9624466
2030,Rio Grande do Norte,3764104
2030,Paraíba,4207657
2030,Pernambuco,10111808
2030,Alagoas,3465453
2030,Sergipe,2489543
2030,Bahia,15316952
2030,Minas Gerais,22220112
2030,Espírito Santo,4456460
2030,Rio de Janeiro,18123293
2030,São Paulo,49315046
2030,Paraná,12193706
2030,Santa Catarina,8009480
2030,Rio Grande do Sul,11734344
2030,Mato Grosso do Sul,3074275
2030,Mato Grosso,3893821
2030,Goiás,7938596
2030,Distrito Federal,3402180
2031,Rondônia,1972968
2031,Acre,1021247
2031,Amazonas,4840312
2031,Roraima,768085
2031,Pará,9540216
2031,Amapá,1024549
2031,Tocantins,1758194
2031,Maranhão,7477496
2031,Piauí,3330135
2031,Ceará,9654132
2031,Rio Grande do Norte,3781756
2031,Paraíba,4218905
2031,Pernambuco,10148858
2031,Alagoas,3473215
2031,Sergipe,2503065
2031,Bahia,15333879
2031,Minas Gerais,22276910
2031,Espírito Santo,4488951
2031,Rio de Janeiro,18172068
2031,São Paulo,49544302
2031,Paraná,12243938
2031,Santa Catarina,8071564
2031,Rio Grande do Sul,11748756
2031,Mato Grosso do Sul,3096709
2031,Mato Grosso,3925227
2031,Goiás,8007509
2031,Distrito Federal,3431469
2032,Rondônia,1985411
2032,Acre,1031453
2032,Amazonas,4891675
2032,Roraima,777675
2032,Pará,9604249
2032,Amapá,1038086
2032,Tocantins,1770890
2032,Maranhão,7501621
2032,Piauí,3329820
2032,Ceará,9680942
2032,Rio Grande do Norte,3798352
2032,Paraíba,4228977
2032,Pernambuco,10183114
2032,Alagoas,3479940
2032,Sergipe,2515898
2032,Bahia,15346028
2032,Minas Gerais,22326629
2032,Espírito Santo,4520294
2032,Rio de Janeiro,18215864
2032,São Paulo,49760463
2032,Paraná,12290702
2032,Santa Catarina,8131505
2032,Rio Grande do Sul,11759766
2032,Mato Grosso do Sul,3118455
2032,Mato Grosso,3955688
2032,Goiás,8074550
2032,Distrito Federal,3459755
2033,Rondônia,1997286
2033,Acre,1041392
2033,Amazonas,4941934
2033,Roraima,787104
2033,Pará,9665694
2033,Amapá,1051422
2033,Tocantins,1783128
2033,Maranhão,7523757
2033,Piauí,3328513
2033,Ceará,9704871
2033,Rio Grande do Norte,3813882
2033,Paraíba,4237853
2033,Pernambuco,10214587
2033,Alagoas,3485617
2033,Sergipe,2528046
2033,Bahia,15353402
2033,Minas Gerais,22369292
2033,Espírito Santo,4550497
2033,Rio de Janeiro,18254703
2033,São Paulo,49963489
2033,Paraná,12333987
2033,Santa Catarina,8189289
2033,Rio Grande do Sul,11767342
2033,Mato Grosso do Sul,3139518
2033,Mato Grosso,3985234
2033,Goiás,8139722
2033,Distrito Federal,3487020
2034,Rondônia,2008616
2034,Acre,1051065
2034,Amazonas,4991129
2034,Roraima,796382
2034,Pará,9724587
2034,Amapá,1064553
2034,Tocantins,1794915
2034,Maranhão,7543859
2034,Piauí,3326223
2034,Ceará,9725938
2034,Rio Grande do Norte,3828342
2034,Paraíba,4245570
2034,Pernambuco,10243275
2034,Alagoas,3490239
2034,Sergipe,2539516
2034,Bahia,15355998
2034,Minas Gerais,22404924
2034,Espírito Santo,4579573
2034,Rio de Janeiro,18288654
2034,São Paulo,50153386
2034,Paraná,12373836
2034,Santa Catarina,8244918
2034,Rio Grande do Sul,11771486
2034,Mato Grosso do Sul,3159898
2034,Mato Grosso,4013910
2034,Goiás,8203076
2034,Distrito Federal,3513254
2035,Rondônia,2019409
2035,Acre,1060470
2035,Amazonas,5039255
2035,Roraima,805521
2035,Pará,9780938
2035,Amapá,1077482
2035,Tocantins,1806253
2035,Maranhão,7561948
2035,Piauí,3322946
2035,Ceará,9744180
2035,Rio Grande do Norte,3841717
2035,Paraíba,4252159
2035,Pernambuco,10269143
2035,Alagoas,3493794
2035,Sergipe,2550306
2035,Bahia,15353814
2035,Minas Gerais,22433582
2035,Espírito Santo,4607514
2035,Rio de Janeiro,18317762
2035,São Paulo,50330107
2035,Paraná,12410298
2035,Santa Catarina,8298422
2035,Rio Grande do Sul,11772246
2035,Mato Grosso do Sul,3179599
2035,Mato Grosso,4041732
2035,Goiás,8264652
2035,Distrito Federal,3538436
2036,Rondônia,2029651
2036,Acre,1069591
2036,Amazonas,5086236
2036,Roraima,814531
2036,Pará,9834703
2036,Amapá,1090196
2036,Tocantins,1817130
2036,Maranhão,7578056
2036,Piauí,3318653
2036,Ceará,9759629
2036,Rio Grande do Norte,3853989
2036,Paraíba,4257603
2036,Pernambuco,10292112
2036,Alagoas,3496257
2036,Sergipe,2560404
2036,Bahia,15346869
2036,Minas Gerais,22455264
2036,Espírito Santo,4634293
2036,Rio de Janeiro,18342021
2036,São Paulo,50493492
2036,Paraná,12443361
2036,Santa Catarina,8349850
2036,Rio Grande do Sul,11769644
2036,Mato Grosso do Sul,3198627
2036,Mato Grosso,4068689
2036,Goiás,8324460
2036,Distrito Federal,3562521
2037,Rondônia,2039343
2037,Acre,1078410
2037,Amazonas,5132009
2037,Roraima,823417
2037,Pará,9885814
2037,Amapá,1102682
2037,Tocantins,1827541
2037,Maranhão,7592237
2037,Piauí,3313336
2037,Ceará,9772281
2037,Rio Grande do Norte,3865144
2037,Paraíba,4261871
2037,Pernambuco,10312102
2037,Alagoas,3497601
2037,Sergipe,2569805
2037,Bahia,15335177
2037,Minas Gerais,22469965
2037,Espírito Santo,4659887
2037,Rio de Janeiro,18361396
2037,São Paulo,50643366
2037,Paraná,12473021
2037,Santa Catarina,8399227
2037,Rio Grande do Sul,11763729
2037,Mato Grosso do Sul,3216992
2037,Mato Grosso,4094768
2037,Goiás,8382474
2037,Distrito Federal,3585467
2038,Rondônia,2048511
2038,Acre,1086926
2038,Amazonas,5176569
2038,Roraima,832179
2038,Pará,9934265
2038,Amapá,1114930
2038,Tocantins,1837489
2038,Maranhão,7604454
2038,Piauí,3307039
2038,Ceará,9782155
2038,Rio Grande do Norte,3875180
2038,Paraíba,4264971
2038,Pernambuco,10329117
2038,Alagoas,3497815
2038,Sergipe,2578518
2038,Bahia,15318735
2038,Minas Gerais,22477805
2038,Espírito Santo,4684303
2038,Rio de Janeiro,18375931
2038,São Paulo,50779824
2038,Paraná,12499364
2038,Santa Catarina,8446582
2038,Rio Grande do Sul,11754603
2038,Mato Grosso do Sul,3234690
2038,Mato Grosso,4119984
2038,Goiás,8438672
2038,Distrito Federal,3607260
2039,Rondônia,2057168
2039,Acre,1095137
2039,Amazonas,5219919
2039,Roraima,840814
2039,Pará,9980050
2039,Amapá,1126929
2039,Tocantins,1846977
2039,Maranhão,7614618
2039,Piauí,3299804
2039,Ceará,9789317
2039,Rio Grande do Norte,3884099
2039,Paraíba,4266919
2039,Pernambuco,10343147
2039,Alagoas,3496909
2039,Sergipe,2586546
2039,Bahia,15297524
2039,Minas Gerais,22478907
2039,Espírito Santo,4707537
2039,Rio de Janeiro,18385689
2039,São Paulo,50902899
2039,Paraná,12522496
2039,Santa Catarina,8491935
2039,Rio Grande do Sul,11742344
2039,Mato Grosso do Sul,3251697
2039,Mato Grosso,4144322
2039,Goiás,8493054
2039,Distrito Federal,3627893
2040,Rondônia,2065315
2040,Acre,1103044
2040,Amazonas,5262059
2040,Roraima,849324
2040,Pará,10023188
2040,Amapá,1138677
2040,Tocantins,1856004
2040,Maranhão,7622718
2040,Piauí,3291628
2040,Ceará,9793834
2040,Rio Grande do Norte,3891897
2040,Paraíba,4267727
2040,Pernambuco,10354192
2040,Alagoas,3494895
2040,Sergipe,2593896
2040,Bahia,15271580
2040,Minas Gerais,22473382
2040,Espírito Santo,4729583
2040,Rio de Janeiro,18390776
2040,São Paulo,51012645
2040,Paraná,12542478
2040,Santa Catarina,8535304
2040,Rio Grande do Sul,11727042
2040,Mato Grosso do Sul,3268004
2040,Mato Grosso,4167749
2040,Goiás,8545629
2040,Distrito Federal,3647352
2041,Rondônia,2072942
2041,Acre,1110642
2041,Amazonas,5302957
2041,Roraima,857716
2041,Pará,10063691
2041,Amapá,1150166
2041,Tocantins,1864567
2041,Maranhão,7628776
2041,Piauí,3282479
2041,Ceará,9795742
2041,Rio Grande do Norte,3898577
2041,Paraíba,4267396
2041,Pernambuco,10362239
2041,Alagoas,3491771
2041,Sergipe,2600559
2041,Bahia,15241004
2041,Minas Gerais,22461334
2041,Espírito Santo,4750444
2041,Rio de Janeiro,18391358
2041,São Paulo,51109151
2041,Paraná,12559307
2041,Santa Catarina,8576731
2041,Rio Grande do Sul,11708791
2041,Mato Grosso do Sul,3283622
2041,Mato Grosso,4190263
2041,Goiás,8596405
2041,Distrito Federal,3665603
2042,Rondônia,2080046
2042,Acre,1117921
2042,Amazonas,5342574
2042,Roraima,865988
2042,Pará,10101541
2042,Amapá,1161390
2042,Tocantins,1872665
2042,Maranhão,7632854
2042,Piauí,3272365
2042,Ceará,9795059
2042,Rio Grande do Norte,3904155
2042,Paraíba,4265937
2042,Pernambuco,10367287
2042,Alagoas,3487534
2042,Sergipe,2606540
2042,Bahia,15205888
2042,Minas Gerais,22442963
2042,Espírito Santo,4770126
2042,Rio de Janeiro,18387586
2042,São Paulo,51192586
2042,Paraná,12573062
2042,Santa Catarina,8616285
2042,Rio Grande do Sul,11687777
2042,Mato Grosso do Sul,3298572
2042,Mato Grosso,4211891
2042,Goiás,8645354
2042,Distrito Federal,3682634
2043,Rondônia,2086640
2043,Acre,1124876
2043,Amazonas,5380889
2043,Roraima,874130
2043,Pará,10136721
2043,Amapá,1172345
2043,Tocantins,1880302
2043,Maranhão,7634936
2043,Piauí,3261348
2043,Ceará,9791826
2043,Rio Grande do Norte,3908642
2043,Paraíba,4263380
2043,Pernambuco,10369343
2043,Alagoas,3482188
2043,Sergipe,2611852
2043,Bahia,15166238
2043,Minas Gerais,22418462
2043,Espírito Santo,4788638
2043,Rio de Janeiro,18379573
2043,São Paulo,51263186
2043,Paraná,12583881
2043,Santa Catarina,8654030
2043,Rio Grande do Sul,11664233
2043,Mato Grosso do Sul,3312848
2043,Mato Grosso,4232637
2043,Goiás,8692452
2043,Distrito Federal,3698469
2044,Rondônia,2092729
2044,Acre,1131507
2044,Amazonas,5417887
2044,Roraima,882130
2044,Pará,10169203
2044,Amapá,1183015
2044,Tocantins,1887474
2044,Maranhão,7634954
2044,Piauí,3249476
2044,Ceará,9786100
2044,Rio Grande do Norte,3912024
2044,Paraíba,4259719
2044,Pernambuco,10368383
2044,Alagoas,3475744
2044,Sergipe,2616494
2044,Bahia,15122024
2044,Minas Gerais,22387961
2044,Espírito Santo,4805975
2044,Rio de Janeiro,18367369
2044,São Paulo,51321077
2044,Paraná,12591854
2044,Santa Catarina,8689972
2044,Rio Grande do Sul,11638264
2044,Mato Grosso do Sul,3326410
2044,Mato Grosso,4252454
2044,Goiás,8737674
2044,Distrito Federal,3713123
2045,Rondônia,2098307
2045,Acre,1137820
2045,Amazonas,5453552
2045,Roraima,889982
2045,Pará,10198997
2045,Amapá,1193397
2045,Tocantins,1894176
2045,Maranhão,7632911
2045,Piauí,3236752
2045,Ceará,9777877
2045,Rio Grande do Norte,3914280
2045,Paraíba,4254930
2045,Pernambuco,10364406
2045,Alagoas,3468233
2045,Sergipe,2620468
2045,Bahia,15073291
2045,Minas Gerais,22351612
2045,Espírito Santo,4822145
2045,Rio de Janeiro,18351047
2045,São Paulo,51366301
2045,Paraná,12597005
2045,Santa Catarina,8724096
2045,Rio Grande do Sul,11609937
2045,Mato Grosso do Sul,3339241
2045,Mato Grosso,4271287
2045,Goiás,8780975
2045,Distrito Federal,3726600
2046,Rondônia,2103370
2046,Acre,1143815
2046,Amazonas,5487876
2046,Roraima,897687
2046,Pará,10226126
2046,Amapá,1203492
2046,Tocantins,1900401
2046,Maranhão,7628807
2046,Piauí,3223152
2046,Ceará,9767129
2046,Rio Grande do Norte,3915401
2046,Paraíba,4249005
2046,Pernambuco,10357414
2046,Alagoas,3459661
2046,Sergipe,2623766
2046,Bahia,15020105
2046,Minas Gerais,22309504
2046,Espírito Santo,4837165
2046,Rio de Janeiro,18330739
2046,São Paulo,51398888
2046,Paraná,12599318
2046,Santa Catarina,8756398
2046,Rio Grande do Sul,11579320
2046,Mato Grosso do Sul,3351345
2046,Mato Grosso,4289144
2046,Goiás,8822329
2046,Distrito Federal,3738900
2047,Rondônia,2107922
2047,Acre,1149489
2047,Amazonas,5520840
2047,Roraima,905234
2047,Pará,10250595
2047,Amapá,1213300
2047,Tocantins,1906149
2047,Maranhão,7622680
2047,Piauí,3208684
2047,Ceará,9753853
2047,Rio Grande do Norte,3915396
2047,Paraíba,4241983
2047,Pernambuco,10347405
2047,Alagoas,3450030
2047,Sergipe,2626387
2047,Bahia,14962522
2047,Minas Gerais,22261758
2047,Espírito Santo,4851048
2047,Rio de Janeiro,18306527
2047,São Paulo,51419021
2047,Paraná,12598861
2047,Santa Catarina,8786906
2047,Rio Grande do Sul,11546529
2047,Mato Grosso do Sul,3362728
2047,Mato Grosso,4306064
2047,Goiás,8861729
2047,Distrito Federal,3750030
2048,Rondônia,2111959
2048,Acre,1154836
2048,Amazonas,5552396
2048,Roraima,912607
2048,Pará,10272374
2048,Amapá,1222818
2048,Tocantins,1911418
2048,Maranhão,7614564
2048,Piauí,3193390
2048,Ceará,9738051
2048,Rio Grande do Norte,3914271
2048,Paraíba,4233897
2048,Pernambuco,10334368
2048,Alagoas,3439343
2048,Sergipe,2628337
2048,Bahia,14900565
2048,Minas Gerais,22208509
2048,Espírito Santo,4863795
2048,Rio de Janeiro,18278453
2048,São Paulo,51426883
2048,Paraná,12595699
2048,Santa Catarina,8815651
2048,Rio Grande do Sul,11511708
2048,Mato Grosso do Sul,3373384
2048,Mato Grosso,4322044
2048,Goiás,8899155
2048,Distrito Federal,3760007
2049,Rondônia,2115477
2049,Acre,1159852
2049,Amazonas,5582496
2049,Roraima,919792
2049,Pará,10291421
2049,Amapá,1232031
2049,Tocantins,1916198
2049,Maranhão,7604438
2049,Piauí,3177306
2049,Ceará,9719721
2049,Rio Grande do Norte,3912020
2049,Paraíba,4224706
2049,Pernambuco,10318285
2049,Alagoas,3427603
2049,Sergipe,2629608
2049,Bahia,14834243
2049,Minas Gerais,22149820
2049,Espírito Santo,4875392
2049,Rio de Janeiro,18246526
2049,São Paulo,51422538
2049,Paraná,12589797
2049,Santa Catarina,8842605
2049,Rio Grande do Sul,11474898
2049,Mato Grosso do Sul,3383280
2049,Mato Grosso,4337023
2049,Goiás,8934557
2049,Distrito Federal,3768831
2050,Rondônia,2118474
2050,Acre,1164538
2050,Amazonas,5611125
2050,Roraima,926782
2050,Pará,10307745
2050,Amapá,1240930
2050,Tocantins,1920482
2050,Maranhão,7592288
2050,Piauí,3160429
2050,Ceará,9698820
2050,Rio Grande do Norte,3908632
2050,Paraíba,4214358
2050,Pernambuco,10299159
2050,Alagoas,3414828
2050,Sergipe,2630195
2050,Bahia,14763590
2050,Minas Gerais,22085730
2050,Espírito Santo,4885838
2050,Rio de Janeiro,18210736
2050,São Paulo,51405978
2050,Paraná,12581103
2050,Santa Catarina,8867714
2050,Rio Grande do Sul,11436086
2050,Mato Grosso do Sul,3392392
2050,Mato Grosso,4350948
2050,Goiás,8967883
2050,Distrito Federal,3776493
2051,Rondônia,2120952
2051,Acre,1168898
2051,Amazonas,5638304
2051,Roraima,933572
2051,Pará,10321384
2051,Amapá,1249514
2051,Tocantins,1924271
2051,Maranhão,7578099
2051,Piauí,3142736
2051,Ceará,9675292
2051,Rio Grande do Norte,3904116
2051,Paraíba,4202839
2051,Pernambuco,10277017
2051,Alagoas,3401028
2051,Sergipe,2630096
2051,Bahia,14688641
2051,Minas Gerais,22016308
2051,Espírito Santo,4895145
2051,Rio de Janeiro,18171147
2051,São Paulo,51377266
2051,Paraná,12569612
2051,Santa Catarina,8890942
2051,Rio Grande do Sul,11395284
2051,Mato Grosso do Sul,3400723
2051,Mato Grosso,4363850
2051,Goiás,8999139
2051,Distrito Federal,3782994
2052,Rondônia,2122916
2052,Acre,1172928
2052,Amazonas,5664036
2052,Roraima,940153
2052,Pará,10332358
2052,Amapá,1257785
2052,Tocantins,1927565
2052,Maranhão,7561887
2052,Piauí,3124227
2052,Ceará,9649120
2052,Rio Grande do Norte,3898491
2052,Paraíba,4190189
2052,Pernambuco,10251890
2052,Alagoas,3386203
2052,Sergipe,2629311
2052,Bahia,14609436
2052,Minas Gerais,21941633
2052,Espírito Santo,4903325
2052,Rio de Janeiro,18127853
2052,São Paulo,51336626
2052,Paraná,12555362
2052,Santa Catarina,8912269
2052,Rio Grande do Sul,11352547
2052,Mato Grosso do Sul,3408275
2052,Mato Grosso,4375775
2052,Goiás,9028359
2052,Distrito Federal,3788348
2053,Rondônia,2124363
2053,Acre,1176619
2053,Amazonas,5688278
2053,Roraima,946517
2053,Pará,10340631
2053,Amapá,1265743
2053,Tocantins,1930355
2053,Maranhão,7543659
2053,Piauí,3104924
2053,Ceará,9620296
2053,Rio Grande do Norte,3891770
2053,Paraíba,4176432
2053,Pernambuco,10223763
2053,Alagoas,3370351
2053,Sergipe,2627834
2053,Bahia,14525993
2053,Minas Gerais,21861733
2053,Espírito Santo,4910373
2053,Rio de Janeiro,18080837
2053,São Paulo,51284187
2053,Paraná,12538352
2053,Santa Catarina,8931679
2053,Rio Grande do Sul,11307925
2053,Mato Grosso do Sul,3415039
2053,Mato Grosso,4386699
2053,Goiás,9055541
2053,Distrito Federal,3792555
2054,Rondônia,2125289
2054,Acre,1179964
2054,Amazonas,5710995
2054,Roraima,952651
2054,Pará,10346154
2054,Amapá,1273378
2054,Tocantins,1932631
2054,Maranhão,7523382
2054,Piauí,3084843
2054,Ceará,9588823
2054,Rio Grande do Norte,3883966
2054,Paraíba,4161539
2054,Pernambuco,10192631
2054,Alagoas,3353463
2054,Sergipe,2625660
2054,Bahia,14438328
2054,Minas Gerais,21776623
2054,Espírito Santo,4916268
2054,Rio de Janeiro,18030039
2054,São Paulo,51220015
2054,Paraná,12518536
2054,Santa Catarina,8949178
2054,Rio Grande do Sul,11261436
2054,Mato Grosso do Sul,3421004
2054,Mato Grosso,4396571
2054,Goiás,9080667
2054,Distrito Federal,3795598
2055,Rondônia,2125695
2055,Acre,1182957
2055,Amazonas,5732178
2055,Roraima,958552
2055,Pará,10348902
2055,Amapá,1280682
2055,Tocantins,1934389
2055,Maranhão,7501013
2055,Piauí,3063982
2055,Ceará,9554693
2055,Rio Grande do Norte,3875091
2055,Paraíba,4145474
2055,Pernambuco,10158518
2055,Alagoas,3335549
2055,Sergipe,2622791
2055,Bahia,14346461
2055,Minas Gerais,21686312
2055,Espírito Santo,4921002
2055,Rio de Janeiro,17975428
2055,São Paulo,51144153
2055,Paraná,12495904
2055,Santa Catarina,8964776
2055,Rio Grande do Sul,11213094
2055,Mato Grosso do Sul,3426170
2055,Mato Grosso,4405356
2055,Goiás,9103727
2055,Distrito Federal,3797474
2056,Rondônia,2125590
2056,Acre,1185600
2056,Amazonas,5751847
2056,Roraima,964221
2056,Pará,10348887
2056,Amapá,1287654
2056,Tocantins,1935636
2056,Maranhão,7476542
2056,Piauí,3042336
2056,Ceará,9517922
2056,Rio Grande do Norte,3865173
2056,Paraíba,4128245
2056,Pernambuco,10121489
2056,Alagoas,3316619
2056,Sergipe,2619237
2056,Bahia,14250434
2056,Minas Gerais,21590896
2056,Espírito Santo,4924594
2056,Rio de Janeiro,17917092
2056,São Paulo,51056719
2056,Paraná,12470502
2056,Santa Catarina,8978488
2056,Rio Grande do Sul,11162931
2056,Mato Grosso do Sul,3430552
2056,Mato Grosso,4413076
2056,Goiás,9124748
2056,Distrito Federal,3798193
2057,Rondônia,2124982
2057,Acre,1187895
2057,Amazonas,5770028
2057,Roraima,969655
2057,Pará,10346144
2057,Amapá,1294295
2057,Tocantins,1936381
2057,Maranhão,7449981
2057,Piauí,3019911
2057,Ceará,9478556
2057,Rio Grande do Norte,3854254
2057,Paraíba,4109898
2057,Pernambuco,10081634
2057,Alagoas,3296685
2057,Sergipe,2615013
2057,Bahia,14150307
2057,Minas Gerais,21490522
2057,Espírito Santo,4927071
2057,Rio de Janeiro,17855161
2057,São Paulo,50958014
2057,Paraná,12442412
2057,Santa Catarina,8990348
2057,Rio Grande do Sul,11111019
2057,Mato Grosso do Sul,3434177
2057,Mato Grosso,4419781
2057,Goiás,9143789
2057,Distrito Federal,3797772
2058,Rondônia,2123877
2058,Acre,1189835
2058,Amazonas,5786706
2058,Roraima,974850
2058,Pará,10340650
2058,Amapá,1300609
2058,Tocantins,1936619
2058,Maranhão,7421317
2058,Piauí,2996721
2058,Ceará,9436622
2058,Rio Grande do Norte,3842355
2058,Paraíba,4090459
2058,Pernambuco,10038990
2058,Alagoas,3275745
2058,Sergipe,2610119
2058,Bahia,14046125
2058,Minas Gerais,21385216
2058,Espírito Santo,4928430
2058,Rio de Janeiro,17789635
2058,São Paulo,50848310
2058,Paraná,12411670
2058,Santa Catarina,9000381
2058,Rio Grande do Sul,11057418
2058,Mato Grosso do Sul,3437056
2058,Mato Grosso,4425472
2058,Goiás,9160881
2058,Distrito Federal,3796218
2059,Rondônia,2122283
2059,Acre,1191419
2059,Amazonas,5801873
2059,Roraima,979802
2059,Pará,10332396
2059,Amapá,1306591
2059,Tocantins,1936347
2059,Maranhão,7390534
2059,Piauí,2972786
2059,Ceará,9392152
2059,Rio Grande do Norte,3829494
2059,Paraíba,4069934
2059,Pernambuco,9993592
2059,Alagoas,3253802
2059,Sergipe,2604560
2059,Bahia,13937968
2059,Minas Gerais,21275013
2059,Espírito Santo,4928667
2059,Rio de Janeiro,17720514
2059,São Paulo,50727840
2059,Paraná,12378299
2059,Santa Catarina,9008618
2059,Rio Grande do Sul,11002151
2059,Mato Grosso do Sul,3439191
2059,Mato Grosso,4430140
2059,Goiás,9176042
2059,Distrito Federal,3793533
2060,Rondônia,2120212
2060,Acre,1192647
2060,Amazonas,5815537
2060,Roraima,984511
2060,Pará,10321412
2060,Amapá,1312240
2060,Tocantins,1935575
2060,Maranhão,7357617
2060,Piauí,2948119
2060,Ceará,9345192
2060,Rio Grande do Norte,3815691
2060,Paraíba,4048336
2060,Pernambuco,9945508
2060,Alagoas,3230875
2060,Sergipe,2598353
2060,Bahia,13825958
2060,Minas Gerais,21160005
2060,Espírito Santo,4927795
2060,Rio de Janeiro,17647842
2060,São Paulo,50596822
2060,Paraná,12342362
2060,Santa Catarina,9015090
2060,Rio Grande do Sul,10945217
2060,Mato Grosso do Sul,3440594
2060,Mato Grosso,4433798
2060,Goiás,9189311
2060,Distrito Federal,3789728
